,title,body,subreddit,url
0,1 on 1 Wednesdays,This is our 1 on 1 Wednesdays. Pick your favorite players and put them on a head to head discussion.,PremierLeague,https://www.reddit.com/r/PremierLeague/comments/10wnvck/1_on_1_wednesdays/
1,Weekly New Fan Discussion Thread,"Happy Monday Football Fans, 

* New to Football? 
* New to the Premier League? 
* Have questions about which team to support? 

Use this megathread to ask and answer all questions related to being a new fan of the sport .",PremierLeague,https://www.reddit.com/r/PremierLeague/comments/10v166h/weekly_new_fan_discussion_thread/
2,Man City: Premier League clubs want champions kicked out if guilty of alleged financial breaches,,PremierLeague,https://www.skysports.com/amp/football/news/11679/12805239/man-city-premier-league-clubs-want-champions-kicked-out-if-guilty-of-alleged-financial-breaches
3,You've been robbed,"Every club that finished outside of CL and EL should be absolutely outraged ... City never finished top four before they were bought up, and every team and their fans who have been robbed of CL and EL money for the last 14 odd years should be absolutely and rightfully outraged ... How many teams have been missing out on 20 million pounds or more in those years, and failed to sign players who would have signed for the CL prospects. Their owners are cheats and it should not be tolerated by football fans",PremierLeague,https://www.reddit.com/r/PremierLeague/comments/10w1pxg/youve_been_robbed/
4,Are you allowed to bite the ball?,Is it a foul,PremierLeague,https://www.reddit.com/r/PremierLeague/comments/10wdbax/are_you_allowed_to_bite_the_ball/
5,Say 1 nice thing about your rival(s),"with all the negativity going around football rn, what's 1 good/nice thing you can say about your main rival?",PremierLeague,https://www.reddit.com/r/PremierLeague/comments/10w27tt/say_1_nice_thing_about_your_rivals/
6,"In light of the City situation, should other clubs be worried?",I know a few people who argue half the league should be investigated.,PremierLeague,https://www.reddit.com/r/PremierLeague/comments/10wa7ve/in_light_of_the_city_situation_should_other_clubs/
7,"If Man City is deducted points and worse, relegated and kicked out of the EPL, will there be an escape of big stars like calciopoli 2006?","If that happens, how many people do you think will accept relegation and stay with the club?",PremierLeague,https://www.reddit.com/r/PremierLeague/comments/10vwo7o/if_man_city_is_deducted_points_and_worse/
8,Which active players are the most likely to become managers after their professional career?,"Title. 

Enjoy a post not related to City or Chelsea!",PremierLeague,https://www.reddit.com/r/PremierLeague/comments/10wcrto/which_active_players_are_the_most_likely_to/
9,List one thing you hate about your club.,We all have something we dislike from our teams. What is one thing that you want to change or that you do NOT like within your club. Could be from the biggest things like owners to small things like stadium concessions.,PremierLeague,https://www.reddit.com/r/PremierLeague/comments/10w53fa/list_one_thing_you_hate_about_your_club/
